id,ID,DATE_OF_BIRTH,NAME
1,1,1970-01-01,name1
2,2,1970-01-01,name2
3,3,1970-01-01,name3
4,4,1970-01-01,name4
5,5,1970-01-01,name5
6,6,1970-01-01,name6
7,7,1970-01-01,name7
8,8,1970-01-01,name8
9,9,1970-01-01,name9
10,10,1970-01-01,name10
11,11,1970-01-01,name11
12,12,1970-01-01,name12
13,13,1970-01-01,name13
14,14,1970-01-01,name14
15,15,1970-01-01,name15
16,16,1970-01-01,name16
17,17,1970-01-01,name17
18,18,1970-01-01,name18
19,19,1970-01-01,name19
20,20,1970-01-01,name20
21,21,1970-01-01,name21
22,22,1970-01-01,name22
23,23,1970-01-01,name23
24,24,1970-01-01,name24
25,25,1970-01-01,name25
26,26,1970-01-01,name26
27,27,1970-01-01,name27
28,28,1970-01-01,name28
29,29,1970-01-01,name29
30,30,1970-01-01,name30
31,31,1970-01-01,name31
32,32,1970-01-01,name32
33,33,1970-01-01,name33
34,34,1970-01-01,name34
35,35,1970-01-01,name35
36,36,1970-01-01,name36
37,37,1970-01-01,name37
38,38,1970-01-01,name38
39,39,1970-01-01,name39
40,40,1970-01-01,name40
41,41,1970-01-01,name41
42,42,1970-01-01,name42
43,43,1970-01-01,name43
44,44,1970-01-01,name44
45,45,1970-01-01,name45
46,46,1970-01-01,name46
47,47,1970-01-01,name47
48,48,1970-01-01,name48
49,49,1970-01-01,name49
50,50,1970-01-01,name50
51,51,1970-01-01,name51
52,52,1970-01-01,name52
53,53,1970-01-01,name53
54,54,1970-01-01,name54
55,55,1970-01-01,name55
56,56,1970-01-01,name56
57,57,1970-01-01,name57
58,58,1970-01-01,name58
59,59,1970-01-01,name59
60,60,1970-01-01,name60
61,61,1970-01-01,name61
62,62,1970-01-01,name62
63,63,1970-01-01,name63
64,64,1970-01-01,name64
65,65,1970-01-01,name65
66,66,1970-01-01,name66
67,67,1970-01-01,name67
68,68,1970-01-01,name68
69,69,1970-01-01,name69
70,70,1970-01-01,name70
71,71,1970-01-01,name71
72,72,1970-01-01,name72
73,73,1970-01-01,name73
74,74,1970-01-01,name74
75,75,1970-01-01,name75
76,76,1970-01-01,name76
77,77,1970-01-01,name77
78,78,1970-01-01,name78
79,79,1970-01-01,name79
80,80,1970-01-01,name80
81,81,1970-01-01,name81
82,82,1970-01-01,name82
83,83,1970-01-01,name83
84,84,1970-01-01,name84
85,85,1970-01-01,name85
86,86,1970-01-01,name86
87,87,1970-01-01,name87
88,88,1970-01-01,name88
89,89,1970-01-01,name89
90,90,1970-01-01,name90
91,91,1970-01-01,name91
92,92,1970-01-01,name92
93,93,1970-01-01,name93
94,94,1970-01-01,name94
95,95,1970-01-01,name95
96,96,1970-01-01,name96
97,97,1970-01-01,name97
98,98,1970-01-01,name98
99,99,1970-01-01,name99
100,100,1970-01-01,name100
101,101,1970-01-01,name101
102,102,1970-01-01,name102
103,103,1970-01-01,name103
104,104,1970-01-01,name104
105,105,1970-01-01,name105
106,106,1970-01-01,name106
107,107,1970-01-01,name107
108,108,1970-01-01,name108
109,109,1970-01-01,name109
110,110,1970-01-01,name110
111,111,1970-01-01,name111
112,112,1970-01-01,name112
113,113,1970-01-01,name113
114,114,1970-01-01,name114
115,115,1970-01-01,name115
116,116,1970-01-01,name116
117,117,1970-01-01,name117
118,118,1970-01-01,name118
119,119,1970-01-01,name119
120,120,1970-01-01,name120
121,121,1970-01-01,name121
122,122,1970-01-01,name122
123,123,1970-01-01,name123
124,124,1970-01-01,name124
125,125,1970-01-01,name125
126,126,1970-01-01,name126
127,127,1970-01-01,name127
128,128,1970-01-01,name128
129,129,1970-01-01,name129
130,130,1970-01-01,name130
131,131,1970-01-01,name131
132,132,1970-01-01,name132
133,133,1970-01-01,name133
134,134,1970-01-01,name134
135,135,1970-01-01,name135
136,136,1970-01-01,name136
137,137,1970-01-01,name137
138,138,1970-01-01,name138
139,139,1970-01-01,name139
140,140,1970-01-01,name140
141,141,1970-01-01,name141
142,142,1970-01-01,name142
143,143,1970-01-01,name143
144,144,1970-01-01,name144
145,145,1970-01-01,name145
146,146,1970-01-01,name146
147,147,1970-01-01,name147
148,148,1970-01-01,name148
149,149,1970-01-01,name149
150,150,1970-01-01,name150
151,151,1970-01-01,name151
152,152,1970-01-01,name152
153,153,1970-01-01,name153
154,154,1970-01-01,name154
155,155,1970-01-01,name155
156,156,1970-01-01,name156
157,157,1970-01-01,name157
158,158,1970-01-01,name158
159,159,1970-01-01,name159
160,160,1970-01-01,name160
161,161,1970-01-01,name161
162,162,1970-01-01,name162
163,163,1970-01-01,name163
164,164,1970-01-01,name164
165,165,1970-01-01,name165
166,166,1970-01-01,name166
167,167,1970-01-01,name167
168,168,1970-01-01,name168
169,169,1970-01-01,name169
170,170,1970-01-01,name170
171,171,1970-01-01,name171
172,172,1970-01-01,name172
173,173,1970-01-01,name173
174,174,1970-01-01,name174
175,175,1970-01-01,name175
176,176,1970-01-01,name176
177,177,1970-01-01,name177
178,178,1970-01-01,name178
179,179,1970-01-01,name179
180,180,1970-01-01,name180
181,181,1970-01-01,name181
182,182,1970-01-01,name182
183,183,1970-01-01,name183
184,184,1970-01-01,name184
185,185,1970-01-01,name185
186,186,1970-01-01,name186
187,187,1970-01-01,name187
188,188,1970-01-01,name188
189,189,1970-01-01,name189
190,190,1970-01-01,name190
191,191,1970-01-01,name191
192,192,1970-01-01,name192
193,193,1970-01-01,name193
194,194,1970-01-01,name194
195,195,1970-01-01,name195
196,196,1970-01-01,name196
197,197,1970-01-01,name197
198,198,1970-01-01,name198
199,199,1970-01-01,name199
200,200,1970-01-01,name200
201,201,1970-01-01,name201
202,202,1970-01-01,name202
203,203,1970-01-01,name203
204,204,1970-01-01,name204
205,205,1970-01-01,name205
206,206,1970-01-01,name206
207,207,1970-01-01,name207
208,208,1970-01-01,name208
209,209,1970-01-01,name209
210,210,1970-01-01,name210
211,211,1970-01-01,name211
212,212,1970-01-01,name212
213,213,1970-01-01,name213
214,214,1970-01-01,name214
215,215,1970-01-01,name215
216,216,1970-01-01,name216
217,217,1970-01-01,name217
218,218,1970-01-01,name218
219,219,1970-01-01,name219
220,220,1970-01-01,name220
221,221,1970-01-01,name221
222,222,1970-01-01,name222
223,223,1970-01-01,name223
224,224,1970-01-01,name224
225,225,1970-01-01,name225
226,226,1970-01-01,name226
227,227,1970-01-01,name227
228,228,1970-01-01,name228
229,229,1970-01-01,name229
230,230,1970-01-01,name230
231,231,1970-01-01,name231
232,232,1970-01-01,name232
233,233,1970-01-01,name233
234,234,1970-01-01,name234
235,235,1970-01-01,name235
236,236,1970-01-01,name236
237,237,1970-01-01,name237
238,238,1970-01-01,name238
239,239,1970-01-01,name239
240,240,1970-01-01,name240
241,241,1970-01-01,name241
242,242,1970-01-01,name242
243,243,1970-01-01,name243
244,244,1970-01-01,name244
245,245,1970-01-01,name245
246,246,1970-01-01,name246
247,247,1970-01-01,name247
248,248,1970-01-01,name248
249,249,1970-01-01,name249
250,250,1970-01-01,name250
251,251,1970-01-01,name251
252,252,1970-01-01,name252
253,253,1970-01-01,name253
254,254,1970-01-01,name254
255,255,1970-01-01,name255
256,256,1970-01-01,name256
257,257,1970-01-01,name257
258,258,1970-01-01,name258
259,259,1970-01-01,name259
260,260,1970-01-01,name260
261,261,1970-01-01,name261
262,262,1970-01-01,name262
263,263,1970-01-01,name263
264,264,1970-01-01,name264
265,265,1970-01-01,name265
266,266,1970-01-01,name266
267,267,1970-01-01,name267
268,268,1970-01-01,name268
269,269,1970-01-01,name269
270,270,1970-01-01,name270
271,271,1970-01-01,name271
272,272,1970-01-01,name272
273,273,1970-01-01,name273
274,274,1970-01-01,name274
275,275,1970-01-01,name275
276,276,1970-01-01,name276
277,277,1970-01-01,name277
278,278,1970-01-01,name278
279,279,1970-01-01,name279
280,280,1970-01-01,name280
281,281,1970-01-01,name281
282,282,1970-01-01,name282
283,283,1970-01-01,name283
284,284,1970-01-01,name284
285,285,1970-01-01,name285
286,286,1970-01-01,name286
287,287,1970-01-01,name287
288,288,1970-01-01,name288
289,289,1970-01-01,name289
290,290,1970-01-01,name290
291,291,1970-01-01,name291
292,292,1970-01-01,name292
293,293,1970-01-01,name293
294,294,1970-01-01,name294
295,295,1970-01-01,name295
296,296,1970-01-01,name296
297,297,1970-01-01,name297
298,298,1970-01-01,name298
299,299,1970-01-01,name299
300,300,1970-01-01,name300
301,301,1970-01-01,name301
302,302,1970-01-01,name302
303,303,1970-01-01,name303
304,304,1970-01-01,name304
305,305,1970-01-01,name305
306,306,1970-01-01,name306
307,307,1970-01-01,name307
308,308,1970-01-01,name308
309,309,1970-01-01,name309
310,310,1970-01-01,name310
311,311,1970-01-01,name311
312,312,1970-01-01,name312
313,313,1970-01-01,name313
314,314,1970-01-01,name314
315,315,1970-01-01,name315
316,316,1970-01-01,name316
317,317,1970-01-01,name317
318,318,1970-01-01,name318
319,319,1970-01-01,name319
320,320,1970-01-01,name320
321,321,1970-01-01,name321
322,322,1970-01-01,name322
323,323,1970-01-01,name323
324,324,1970-01-01,name324
325,325,1970-01-01,name325
326,326,1970-01-01,name326
327,327,1970-01-01,name327
328,328,1970-01-01,name328
329,329,1970-01-01,name329
330,330,1970-01-01,name330
331,331,1970-01-01,name331
332,332,1970-01-01,name332
333,333,1970-01-01,name333
334,334,1970-01-01,name334
335,335,1970-01-01,name335
336,336,1970-01-01,name336
337,337,1970-01-01,name337
338,338,1970-01-01,name338
339,339,1970-01-01,name339
340,340,1970-01-01,name340
341,341,1970-01-01,name341
342,342,1970-01-01,name342
343,343,1970-01-01,name343
344,344,1970-01-01,name344
345,345,1970-01-01,name345
346,346,1970-01-01,name346
347,347,1970-01-01,name347
348,348,1970-01-01,name348
349,349,1970-01-01,name349
350,350,1970-01-01,name350
351,351,1970-01-01,name351
352,352,1970-01-01,name352
353,353,1970-01-01,name353
354,354,1970-01-01,name354
355,355,1970-01-01,name355
356,356,1970-01-01,name356
357,357,1970-01-01,name357
358,358,1970-01-01,name358
359,359,1970-01-01,name359
360,360,1970-01-01,name360
361,361,1970-01-01,name361
362,362,1970-01-01,name362
363,363,1970-01-01,name363
364,364,1970-01-01,name364
365,365,1970-01-01,name365
366,366,1970-01-01,name366
367,367,1970-01-01,name367
368,368,1970-01-01,name368
369,369,1970-01-01,name369
370,370,1970-01-01,name370
371,371,1970-01-01,name371
372,372,1970-01-01,name372
373,373,1970-01-01,name373
374,374,1970-01-01,name374
375,375,1970-01-01,name375
376,376,1970-01-01,name376
377,377,1970-01-01,name377
378,378,1970-01-01,name378
379,379,1970-01-01,name379
380,380,1970-01-01,name380
381,381,1970-01-01,name381
382,382,1970-01-01,name382
383,383,1970-01-01,name383
384,384,1970-01-01,name384
385,385,1970-01-01,name385
386,386,1970-01-01,name386
387,387,1970-01-01,name387
388,388,1970-01-01,name388
389,389,1970-01-01,name389
390,390,1970-01-01,name390
391,391,1970-01-01,name391
392,392,1970-01-01,name392
393,393,1970-01-01,name393
394,394,1970-01-01,name394
395,395,1970-01-01,name395
396,396,1970-01-01,name396
397,397,1970-01-01,name397
398,398,1970-01-01,name398
399,399,1970-01-01,name399
400,400,1970-01-01,name400
401,401,1970-01-01,name401
402,402,1970-01-01,name402
403,403,1970-01-01,name403
404,404,1970-01-01,name404
405,405,1970-01-01,name405
406,406,1970-01-01,name406
407,407,1970-01-01,name407
408,408,1970-01-01,name408
409,409,1970-01-01,name409
410,410,1970-01-01,name410
411,411,1970-01-01,name411
412,412,1970-01-01,name412
413,413,1970-01-01,name413
414,414,1970-01-01,name414
415,415,1970-01-01,name415
416,416,1970-01-01,name416
417,417,1970-01-01,name417
418,418,1970-01-01,name418
419,419,1970-01-01,name419
420,420,1970-01-01,name420
421,421,1970-01-01,name421
422,422,1970-01-01,name422
423,423,1970-01-01,name423
424,424,1970-01-01,name424
425,425,1970-01-01,name425
426,426,1970-01-01,name426
427,427,1970-01-01,name427
428,428,1970-01-01,name428
429,429,1970-01-01,name429
430,430,1970-01-01,name430
431,431,1970-01-01,name431
432,432,1970-01-01,name432
433,433,1970-01-01,name433
434,434,1970-01-01,name434
435,435,1970-01-01,name435
436,436,1970-01-01,name436
437,437,1970-01-01,name437
438,438,1970-01-01,name438
439,439,1970-01-01,name439
440,440,1970-01-01,name440
441,441,1970-01-01,name441
442,442,1970-01-01,name442
443,443,1970-01-01,name443
444,444,1970-01-01,name444
445,445,1970-01-01,name445
446,446,1970-01-01,name446
447,447,1970-01-01,name447
448,448,1970-01-01,name448
449,449,1970-01-01,name449
450,450,1970-01-01,name450
451,451,1970-01-01,name451
452,452,1970-01-01,name452
453,453,1970-01-01,name453
454,454,1970-01-01,name454
455,455,1970-01-01,name455
456,456,1970-01-01,name456
457,457,1970-01-01,name457
458,458,1970-01-01,name458
459,459,1970-01-01,name459
460,460,1970-01-01,name460
461,461,1970-01-01,name461
462,462,1970-01-01,name462
463,463,1970-01-01,name463
464,464,1970-01-01,name464
465,465,1970-01-01,name465
466,466,1970-01-01,name466
467,467,1970-01-01,name467
468,468,1970-01-01,name468
469,469,1970-01-01,name469
470,470,1970-01-01,name470
471,471,1970-01-01,name471
472,472,1970-01-01,name472
473,473,1970-01-01,name473
474,474,1970-01-01,name474
475,475,1970-01-01,name475
476,476,1970-01-01,name476
477,477,1970-01-01,name477
478,478,1970-01-01,name478
479,479,1970-01-01,name479
480,480,1970-01-01,name480
481,481,1970-01-01,name481
482,482,1970-01-01,name482
483,483,1970-01-01,name483
484,484,1970-01-01,name484
485,485,1970-01-01,name485
486,486,1970-01-01,name486
487,487,1970-01-01,name487
488,488,1970-01-01,name488
489,489,1970-01-01,name489
490,490,1970-01-01,name490
491,491,1970-01-01,name491
492,492,1970-01-01,name492
493,493,1970-01-01,name493
494,494,1970-01-01,name494
495,495,1970-01-01,name495
496,496,1970-01-01,name496
497,497,1970-01-01,name497
498,498,1970-01-01,name498
499,499,1970-01-01,name499
500,500,1970-01-01,name500
501,501,1970-01-01,name501
502,502,1970-01-01,name502
503,503,1970-01-01,name503
504,504,1970-01-01,name504
505,505,1970-01-01,name505
506,506,1970-01-01,name506
507,507,1970-01-01,name507
508,508,1970-01-01,name508
509,509,1970-01-01,name509
510,510,1970-01-01,name510
511,511,1970-01-01,name511
512,512,1970-01-01,name512
513,513,1970-01-01,name513
514,514,1970-01-01,name514
515,515,1970-01-01,name515
516,516,1970-01-01,name516
517,517,1970-01-01,name517
518,518,1970-01-01,name518
519,519,1970-01-01,name519
520,520,1970-01-01,name520
521,521,1970-01-01,name521
522,522,1970-01-01,name522
523,523,1970-01-01,name523
524,524,1970-01-01,name524
525,525,1970-01-01,name525
526,526,1970-01-01,name526
527,527,1970-01-01,name527
528,528,1970-01-01,name528
529,529,1970-01-01,name529
530,530,1970-01-01,name530
531,531,1970-01-01,name531
532,532,1970-01-01,name532
533,533,1970-01-01,name533
534,534,1970-01-01,name534
535,535,1970-01-01,name535
536,536,1970-01-01,name536
537,537,1970-01-01,name537
538,538,1970-01-01,name538
539,539,1970-01-01,name539
540,540,1970-01-01,name540
541,541,1970-01-01,name541
542,542,1970-01-01,name542
543,543,1970-01-01,name543
544,544,1970-01-01,name544
545,545,1970-01-01,name545
546,546,1970-01-01,name546
547,547,1970-01-01,name547
548,548,1970-01-01,name548
549,549,1970-01-01,name549
550,550,1970-01-01,name550
551,551,1970-01-01,name551
552,552,1970-01-01,name552
553,553,1970-01-01,name553
554,554,1970-01-01,name554
555,555,1970-01-01,name555
556,556,1970-01-01,name556
557,557,1970-01-01,name557
558,558,1970-01-01,name558
559,559,1970-01-01,name559
560,560,1970-01-01,name560
561,561,1970-01-01,name561
562,562,1970-01-01,name562
563,563,1970-01-01,name563
564,564,1970-01-01,name564
565,565,1970-01-01,name565
566,566,1970-01-01,name566
567,567,1970-01-01,name567
568,568,1970-01-01,name568
569,569,1970-01-01,name569
570,570,1970-01-01,name570
571,571,1970-01-01,name571
572,572,1970-01-01,name572
573,573,1970-01-01,name573
574,574,1970-01-01,name574
575,575,1970-01-01,name575
576,576,1970-01-01,name576
577,577,1970-01-01,name577
578,578,1970-01-01,name578
579,579,1970-01-01,name579
580,580,1970-01-01,name580
581,581,1970-01-01,name581
582,582,1970-01-01,name582
583,583,1970-01-01,name583
584,584,1970-01-01,name584
585,585,1970-01-01,name585
586,586,1970-01-01,name586
587,587,1970-01-01,name587
588,588,1970-01-01,name588
589,589,1970-01-01,name589
590,590,1970-01-01,name590
591,591,1970-01-01,name591
592,592,1970-01-01,name592
593,593,1970-01-01,name593
594,594,1970-01-01,name594
595,595,1970-01-01,name595
596,596,1970-01-01,name596
597,597,1970-01-01,name597
598,598,1970-01-01,name598
599,599,1970-01-01,name599
600,600,1970-01-01,name600
601,601,1970-01-01,name601
602,602,1970-01-01,name602
603,603,1970-01-01,name603
604,604,1970-01-01,name604
605,605,1970-01-01,name605
606,606,1970-01-01,name606
607,607,1970-01-01,name607
608,608,1970-01-01,name608
609,609,1970-01-01,name609
610,610,1970-01-01,name610
611,611,1970-01-01,name611
612,612,1970-01-01,name612
613,613,1970-01-01,name613
614,614,1970-01-01,name614
615,615,1970-01-01,name615
616,616,1970-01-01,name616
617,617,1970-01-01,name617
618,618,1970-01-01,name618
619,619,1970-01-01,name619
620,620,1970-01-01,name620
621,621,1970-01-01,name621
622,622,1970-01-01,name622
623,623,1970-01-01,name623
624,624,1970-01-01,name624
625,625,1970-01-01,name625
626,626,1970-01-01,name626
627,627,1970-01-01,name627
628,628,1970-01-01,name628
629,629,1970-01-01,name629
630,630,1970-01-01,name630
631,631,1970-01-01,name631
632,632,1970-01-01,name632
633,633,1970-01-01,name633
634,634,1970-01-01,name634
635,635,1970-01-01,name635
636,636,1970-01-01,name636
637,637,1970-01-01,name637
638,638,1970-01-01,name638
639,639,1970-01-01,name639
640,640,1970-01-01,name640
641,641,1970-01-01,name641
642,642,1970-01-01,name642
643,643,1970-01-01,name643
644,644,1970-01-01,name644
645,645,1970-01-01,name645
646,646,1970-01-01,name646
647,647,1970-01-01,name647
648,648,1970-01-01,name648
649,649,1970-01-01,name649
650,650,1970-01-01,name650
651,651,1970-01-01,name651
652,652,1970-01-01,name652
653,653,1970-01-01,name653
654,654,1970-01-01,name654
655,655,1970-01-01,name655
656,656,1970-01-01,name656
657,657,1970-01-01,name657
658,658,1970-01-01,name658
659,659,1970-01-01,name659
660,660,1970-01-01,name660
661,661,1970-01-01,name661
662,662,1970-01-01,name662
663,663,1970-01-01,name663
664,664,1970-01-01,name664
665,665,1970-01-01,name665
666,666,1970-01-01,name666
667,667,1970-01-01,name667
668,668,1970-01-01,name668
669,669,1970-01-01,name669
670,670,1970-01-01,name670
671,671,1970-01-01,name671
672,672,1970-01-01,name672
673,673,1970-01-01,name673
674,674,1970-01-01,name674
675,675,1970-01-01,name675
676,676,1970-01-01,name676
677,677,1970-01-01,name677
678,678,1970-01-01,name678
679,679,1970-01-01,name679
680,680,1970-01-01,name680
681,681,1970-01-01,name681
682,682,1970-01-01,name682
683,683,1970-01-01,name683
684,684,1970-01-01,name684
685,685,1970-01-01,name685
686,686,1970-01-01,name686
687,687,1970-01-01,name687
688,688,1970-01-01,name688
689,689,1970-01-01,name689
690,690,1970-01-01,name690
691,691,1970-01-01,name691
692,692,1970-01-01,name692
693,693,1970-01-01,name693
694,694,1970-01-01,name694
695,695,1970-01-01,name695
696,696,1970-01-01,name696
697,697,1970-01-01,name697
698,698,1970-01-01,name698
699,699,1970-01-01,name699
700,700,1970-01-01,name700
701,701,1970-01-01,name701
702,702,1970-01-01,name702
703,703,1970-01-01,name703
704,704,1970-01-01,name704
705,705,1970-01-01,name705
706,706,1970-01-01,name706
707,707,1970-01-01,name707
708,708,1970-01-01,name708
709,709,1970-01-01,name709
710,710,1970-01-01,name710
711,711,1970-01-01,name711
712,712,1970-01-01,name712
713,713,1970-01-01,name713
714,714,1970-01-01,name714
715,715,1970-01-01,name715
716,716,1970-01-01,name716
717,717,1970-01-01,name717
718,718,1970-01-01,name718
719,719,1970-01-01,name719
720,720,1970-01-01,name720
721,721,1970-01-01,name721
722,722,1970-01-01,name722
723,723,1970-01-01,name723
724,724,1970-01-01,name724
725,725,1970-01-01,name725
726,726,1970-01-01,name726
727,727,1970-01-01,name727
728,728,1970-01-01,name728
729,729,1970-01-01,name729
730,730,1970-01-01,name730
731,731,1970-01-01,name731
732,732,1970-01-01,name732
733,733,1970-01-01,name733
734,734,1970-01-01,name734
735,735,1970-01-01,name735
736,736,1970-01-01,name736
737,737,1970-01-01,name737
738,738,1970-01-01,name738
739,739,1970-01-01,name739
740,740,1970-01-01,name740
741,741,1970-01-01,name741
742,742,1970-01-01,name742
743,743,1970-01-01,name743
744,744,1970-01-01,name744
745,745,1970-01-01,name745
746,746,1970-01-01,name746
747,747,1970-01-01,name747
748,748,1970-01-01,name748
749,749,1970-01-01,name749
750,750,1970-01-01,name750
751,751,1970-01-01,name751
752,752,1970-01-01,name752
753,753,1970-01-01,name753
754,754,1970-01-01,name754
755,755,1970-01-01,name755
756,756,1970-01-01,name756
757,757,1970-01-01,name757
758,758,1970-01-01,name758
759,759,1970-01-01,name759
760,760,1970-01-01,name760
761,761,1970-01-01,name761
762,762,1970-01-01,name762
763,763,1970-01-01,name763
764,764,1970-01-01,name764
765,765,1970-01-01,name765
766,766,1970-01-01,name766
767,767,1970-01-01,name767
768,768,1970-01-01,name768
769,769,1970-01-01,name769
770,770,1970-01-01,name770
771,771,1970-01-01,name771
772,772,1970-01-01,name772
773,773,1970-01-01,name773
774,774,1970-01-01,name774
775,775,1970-01-01,name775
776,776,1970-01-01,name776
777,777,1970-01-01,name777
778,778,1970-01-01,name778
779,779,1970-01-01,name779
780,780,1970-01-01,name780
781,781,1970-01-01,name781
782,782,1970-01-01,name782
783,783,1970-01-01,name783
784,784,1970-01-01,name784
785,785,1970-01-01,name785
786,786,1970-01-01,name786
787,787,1970-01-01,name787
788,788,1970-01-01,name788
789,789,1970-01-01,name789
790,790,1970-01-01,name790
791,791,1970-01-01,name791
792,792,1970-01-01,name792
793,793,1970-01-01,name793
794,794,1970-01-01,name794
795,795,1970-01-01,name795
796,796,1970-01-01,name796
797,797,1970-01-01,name797
798,798,1970-01-01,name798
799,799,1970-01-01,name799
800,800,1970-01-01,name800
801,801,1970-01-01,name801
802,802,1970-01-01,name802
803,803,1970-01-01,name803
804,804,1970-01-01,name804
805,805,1970-01-01,name805
806,806,1970-01-01,name806
807,807,1970-01-01,name807
808,808,1970-01-01,name808
809,809,1970-01-01,name809
810,810,1970-01-01,name810
811,811,1970-01-01,name811
812,812,1970-01-01,name812
813,813,1970-01-01,name813
814,814,1970-01-01,name814
815,815,1970-01-01,name815
816,816,1970-01-01,name816
817,817,1970-01-01,name817
818,818,1970-01-01,name818
819,819,1970-01-01,name819
820,820,1970-01-01,name820
821,821,1970-01-01,name821
822,822,1970-01-01,name822
823,823,1970-01-01,name823
824,824,1970-01-01,name824
825,825,1970-01-01,name825
826,826,1970-01-01,name826
827,827,1970-01-01,name827
828,828,1970-01-01,name828
829,829,1970-01-01,name829
830,830,1970-01-01,name830
831,831,1970-01-01,name831
832,832,1970-01-01,name832
833,833,1970-01-01,name833
834,834,1970-01-01,name834
835,835,1970-01-01,name835
836,836,1970-01-01,name836
837,837,1970-01-01,name837
838,838,1970-01-01,name838
839,839,1970-01-01,name839
840,840,1970-01-01,name840
841,841,1970-01-01,name841
842,842,1970-01-01,name842
843,843,1970-01-01,name843
844,844,1970-01-01,name844
845,845,1970-01-01,name845
846,846,1970-01-01,name846
847,847,1970-01-01,name847
848,848,1970-01-01,name848
849,849,1970-01-01,name849
850,850,1970-01-01,name850
851,851,1970-01-01,name851
852,852,1970-01-01,name852
853,853,1970-01-01,name853
854,854,1970-01-01,name854
855,855,1970-01-01,name855
856,856,1970-01-01,name856
857,857,1970-01-01,name857
858,858,1970-01-01,name858
859,859,1970-01-01,name859
860,860,1970-01-01,name860
861,861,1970-01-01,name861
862,862,1970-01-01,name862
863,863,1970-01-01,name863
864,864,1970-01-01,name864
865,865,1970-01-01,name865
866,866,1970-01-01,name866
867,867,1970-01-01,name867
868,868,1970-01-01,name868
869,869,1970-01-01,name869
870,870,1970-01-01,name870
871,871,1970-01-01,name871
872,872,1970-01-01,name872
873,873,1970-01-01,name873
874,874,1970-01-01,name874
875,875,1970-01-01,name875
876,876,1970-01-01,name876
877,877,1970-01-01,name877
878,878,1970-01-01,name878
879,879,1970-01-01,name879
880,880,1970-01-01,name880
881,881,1970-01-01,name881
882,882,1970-01-01,name882
883,883,1970-01-01,name883
884,884,1970-01-01,name884
885,885,1970-01-01,name885
886,886,1970-01-01,name886
887,887,1970-01-01,name887
888,888,1970-01-01,name888
889,889,1970-01-01,name889
890,890,1970-01-01,name890
891,891,1970-01-01,name891
892,892,1970-01-01,name892
893,893,1970-01-01,name893
894,894,1970-01-01,name894
895,895,1970-01-01,name895
896,896,1970-01-01,name896
897,897,1970-01-01,name897
898,898,1970-01-01,name898
899,899,1970-01-01,name899
900,900,1970-01-01,name900
901,901,1970-01-01,name901
902,902,1970-01-01,name902
903,903,1970-01-01,name903
904,904,1970-01-01,name904
905,905,1970-01-01,name905
906,906,1970-01-01,name906
907,907,1970-01-01,name907
908,908,1970-01-01,name908
909,909,1970-01-01,name909
910,910,1970-01-01,name910
911,911,1970-01-01,name911
912,912,1970-01-01,name912
913,913,1970-01-01,name913
914,914,1970-01-01,name914
915,915,1970-01-01,name915
916,916,1970-01-01,name916
917,917,1970-01-01,name917
918,918,1970-01-01,name918
919,919,1970-01-01,name919
920,920,1970-01-01,name920
921,921,1970-01-01,name921
922,922,1970-01-01,name922
923,923,1970-01-01,name923
924,924,1970-01-01,name924
925,925,1970-01-01,name925
926,926,1970-01-01,name926
927,927,1970-01-01,name927
928,928,1970-01-01,name928
929,929,1970-01-01,name929
930,930,1970-01-01,name930
931,931,1970-01-01,name931
932,932,1970-01-01,name932
933,933,1970-01-01,name933
934,934,1970-01-01,name934
935,935,1970-01-01,name935
936,936,1970-01-01,name936
937,937,1970-01-01,name937
938,938,1970-01-01,name938
939,939,1970-01-01,name939
940,940,1970-01-01,name940
941,941,1970-01-01,name941
942,942,1970-01-01,name942
943,943,1970-01-01,name943
944,944,1970-01-01,name944
945,945,1970-01-01,name945
946,946,1970-01-01,name946
947,947,1970-01-01,name947
948,948,1970-01-01,name948
949,949,1970-01-01,name949
950,950,1970-01-01,name950
951,951,1970-01-01,name951
952,952,1970-01-01,name952
953,953,1970-01-01,name953
954,954,1970-01-01,name954
955,955,1970-01-01,name955
956,956,1970-01-01,name956
957,957,1970-01-01,name957
958,958,1970-01-01,name958
959,959,1970-01-01,name959
960,960,1970-01-01,name960
961,961,1970-01-01,name961
962,962,1970-01-01,name962
963,963,1970-01-01,name963
964,964,1970-01-01,name964
965,965,1970-01-01,name965
966,966,1970-01-01,name966
967,967,1970-01-01,name967
968,968,1970-01-01,name968
969,969,1970-01-01,name969
970,970,1970-01-01,name970
971,971,1970-01-01,name971
972,972,1970-01-01,name972
973,973,1970-01-01,name973
974,974,1970-01-01,name974
975,975,1970-01-01,name975
976,976,1970-01-01,name976
977,977,1970-01-01,name977
978,978,1970-01-01,name978
979,979,1970-01-01,name979
980,980,1970-01-01,name980
981,981,1970-01-01,name981
982,982,1970-01-01,name982
983,983,1970-01-01,name983
984,984,1970-01-01,name984
985,985,1970-01-01,name985
986,986,1970-01-01,name986
987,987,1970-01-01,name987
988,988,1970-01-01,name988
989,989,1970-01-01,name989
990,990,1970-01-01,name990
991,991,1970-01-01,name991
992,992,1970-01-01,name992
993,993,1970-01-01,name993
994,994,1970-01-01,name994
995,995,1970-01-01,name995
996,996,1970-01-01,name996
997,997,1970-01-01,name997
998,998,1970-01-01,name998
999,999,1970-01-01,name999
1000,1000,1970-01-01,name1000